{"Filip": {"score": 12, "threshold0": 1.411988249686389, "threshold1": 0.607374856374808, "threshold2": 0.5715223376551929, "start": 10, "end": 23, "interval": 60}}